{"cameraMode":{"drawMode":0,"name":"Shaded","section":"Shading Mode"},"sceneLighting":false,"audioPlay":false,"sceneViewState":{"showFog":true,"showMaterialUpdate":true,"showSkybox":false,"showFlares":true,"showImageEffects":true,"showParticleSystems":true},"in2DMode":false,"pivot":{"x":0.0015498995780944825,"y":1.0086135864257813,"z":-0.025413870811462404},"rotation":{"x":-0.05878507345914841,"y":-0.9005557298660278,"z":0.12862974405288697,"w":-0.4111654460430145},"size":4.888411998748779,"orthographic":false}