{"cameraMode":{"drawMode":0,"name":"Shaded","section":"Shading Mode"},"sceneLighting":false,"audioPlay":false,"sceneViewState":{"showFog":true,"showMaterialUpdate":true,"showSkybox":false,"showFlares":true,"showImageEffects":true,"showParticleSystems":true},"in2DMode":false,"pivot":{"x":4.76837158203125e-7,"y":2.0,"z":0.000002562999725341797},"rotation":{"x":0.14071683585643769,"y":-0.8169510960578919,"z":0.22422908246517182,"w":0.5125111937522888},"size":14.096230506896973,"orthographic":false}