{"cameraMode":{"drawMode":0,"name":"Shaded","section":"Shading Mode"},"sceneLighting":false,"audioPlay":false,"sceneViewState":{"showFog":true,"showMaterialUpdate":true,"showSkybox":false,"showFlares":true,"showImageEffects":true,"showParticleSystems":true},"in2DMode":false,"pivot":{"x":-28.05738067626953,"y":7.210068702697754,"z":0.6369923949241638},"rotation":{"x":-0.6715901494026184,"y":0.06964271515607834,"z":-0.063895583152771,"w":-0.7349527478218079},"size":0.8524997234344482,"orthographic":false}