{"cameraMode":{"drawMode":0,"name":"Shaded","section":"Shading Mode"},"sceneLighting":true,"audioPlay":false,"sceneViewState":{"showFog":true,"showMaterialUpdate":true,"showSkybox":false,"showFlares":true,"showImageEffects":true,"showParticleSystems":true},"in2DMode":false,"pivot":{"x":0.0,"y":1.1821317672729493,"z":0.0270451158285141},"rotation":{"x":0.01268719881772995,"y":0.9320060610771179,"z":0.03272213414311409,"w":-0.36077505350112917},"size":3.964289426803589,"orthographic":false}