{"cameraMode":{"drawMode":0,"name":"Shaded","section":"Shading Mode"},"sceneLighting":true,"audioPlay":false,"sceneViewState":{"showFog":true,"showMaterialUpdate":true,"showSkybox":false,"showFlares":true,"showImageEffects":true,"showParticleSystems":true},"in2DMode":false,"pivot":{"x":-1.5508573055267335,"y":4.287113189697266,"z":-2.8764805793762209},"rotation":{"x":-0.36739346385002139,"y":0.6114792823791504,"z":-0.38237103819847109,"w":-0.5873416662216187},"size":16.090526580810548,"orthographic":false}