{"cameraMode":{"drawMode":0,"name":"Shaded","section":"Shading Mode"},"sceneLighting":false,"audioPlay":false,"sceneViewState":{"showFog":true,"showMaterialUpdate":true,"showSkybox":false,"showFlares":true,"showImageEffects":true,"showParticleSystems":true},"in2DMode":false,"pivot":{"x":8.344650268554688e-7,"y":1.9999995231628419,"z":-0.7917578220367432},"rotation":{"x":-0.05800016224384308,"y":0.9297718405723572,"z":-0.16719263792037965,"w":-0.3229370415210724},"size":9.69261646270752,"orthographic":false}