{"cameraMode":{"drawMode":0,"name":"Shaded","section":"Shading Mode"},"sceneLighting":true,"audioPlay":false,"sceneViewState":{"showFog":true,"showMaterialUpdate":true,"showSkybox":false,"showFlares":true,"showImageEffects":true,"showParticleSystems":true},"in2DMode":false,"pivot":{"x":-0.11999988555908203,"y":1.760000228881836,"z":0.7300000190734863},"rotation":{"x":0.002847145078703761,"y":-0.9961161613464356,"z":0.03527583181858063,"w":0.08092211931943894},"size":34.12240982055664,"orthographic":false}