{"cameraMode":{"drawMode":0,"name":"Shaded","section":"Shading Mode"},"sceneLighting":false,"audioPlay":false,"sceneViewState":{"showFog":true,"showMaterialUpdate":true,"showSkybox":false,"showFlares":true,"showImageEffects":true,"showParticleSystems":true},"in2DMode":false,"pivot":{"x":-0.5178220272064209,"y":-0.782799482345581,"z":-0.8550505638122559},"rotation":{"x":0.06957852840423584,"y":0.9296849966049194,"z":-0.27480030059814455,"w":0.23543071746826173},"size":11.064493179321289,"orthographic":false}