{"cameraMode":{"drawMode":0,"name":"Shaded","section":"Shading Mode"},"sceneLighting":true,"audioPlay":false,"sceneViewState":{"showFog":true,"showMaterialUpdate":true,"showSkybox":true,"showFlares":true,"showImageEffects":true,"showParticleSystems":true},"in2DMode":false,"pivot":{"x":42.280517578125,"y":10.415546417236329,"z":97.89044952392578},"rotation":{"x":0.010383885353803635,"y":0.9838935136795044,"z":-0.16777558624744416,"w":0.06087879464030266},"size":5.784302234649658,"orthographic":false}