{"cameraMode":{"drawMode":0,"name":"Shaded","section":"Shading Mode"},"sceneLighting":true,"audioPlay":false,"sceneViewState":{"showFog":true,"showMaterialUpdate":true,"showSkybox":false,"showFlares":true,"showImageEffects":true,"showParticleSystems":true},"in2DMode":false,"pivot":{"x":1.406005859375,"y":4.91943359375,"z":-3.7138671875},"rotation":{"x":-0.2946789562702179,"y":0.13841520249843598,"z":-0.04314139857888222,"w":-0.9445691108703613},"size":6.724348068237305,"orthographic":true}