{"cameraMode":{"drawMode":0,"name":"Shaded","section":"Shading Mode"},"sceneLighting":false,"audioPlay":false,"sceneViewState":{"showFog":true,"showMaterialUpdate":true,"showSkybox":false,"showFlares":true,"showImageEffects":true,"showParticleSystems":true},"in2DMode":false,"pivot":{"x":-0.8188565373420715,"y":2.5812745094299318,"z":-2.8030238151550295},"rotation":{"x":-0.3328987658023834,"y":0.05131326988339424,"z":-0.018306322395801545,"w":-0.9414233565330505},"size":7.37312650680542,"orthographic":false}