{"cameraMode":{"drawMode":0,"name":"Shaded","section":"Shading Mode"},"sceneLighting":false,"audioPlay":false,"sceneViewState":{"showFog":true,"showMaterialUpdate":true,"showSkybox":false,"showFlares":true,"showImageEffects":true,"showParticleSystems":true},"in2DMode":false,"pivot":{"x":-3.0945582389831545,"y":1.0450878143310547,"z":-3.341409921646118},"rotation":{"x":-0.05800016224384308,"y":0.9297718405723572,"z":-0.16719263792037965,"w":-0.3229370415210724},"size":11.07923698425293,"orthographic":false}