{"cameraMode":{"drawMode":0,"name":"Shaded","section":"Shading Mode"},"sceneLighting":true,"audioPlay":false,"sceneViewState":{"showFog":true,"showMaterialUpdate":true,"showSkybox":false,"showFlares":true,"showImageEffects":true,"showParticleSystems":true},"in2DMode":false,"pivot":{"x":-0.8911905288696289,"y":1.4642040729522706,"z":0.3856987953186035},"rotation":{"x":-0.2695266902446747,"y":-0.5023602247238159,"z":0.16839386522769929,"w":-0.8041996955871582},"size":2.7273294925689699,"orthographic":false}