{"cameraMode":{"drawMode":0,"name":"Shaded","section":"Shading Mode"},"sceneLighting":true,"audioPlay":false,"sceneViewState":{"showFog":true,"showMaterialUpdate":true,"showSkybox":true,"showFlares":true,"showImageEffects":true,"showParticleSystems":true},"in2DMode":false,"pivot":{"x":45.22691345214844,"y":9.076314926147461,"z":96.1993637084961},"rotation":{"x":-0.0012882332084700466,"y":0.9986618757247925,"z":-0.04136600345373154,"w":-0.031171385198831559},"size":3.6880416870117189,"orthographic":false}