{"cameraMode":{"drawMode":0,"name":"Shaded","section":"Shading Mode"},"sceneLighting":false,"audioPlay":false,"sceneViewState":{"showFog":true,"showMaterialUpdate":true,"showSkybox":false,"showFlares":true,"showImageEffects":true,"showParticleSystems":true},"in2DMode":false,"pivot":{"x":13.008220672607422,"y":1.0385751724243165,"z":-8.609344482421875},"rotation":{"x":0.25145381689071658,"y":0.3664343059062958,"z":-0.10353145003318787,"w":0.8898363709449768},"size":20.446393966674806,"orthographic":false}