{"cameraMode":{"drawMode":0,"name":"Shaded","section":"Shading Mode"},"sceneLighting":false,"audioPlay":false,"sceneViewState":{"showFog":true,"showMaterialUpdate":true,"showSkybox":false,"showFlares":true,"showImageEffects":true,"showParticleSystems":true},"in2DMode":false,"pivot":{"x":0.1503392606973648,"y":1.7379889488220215,"z":-0.13283777236938477},"rotation":{"x":0.01908358931541443,"y":0.9805005788803101,"z":-0.1520991027355194,"w":0.12300213426351547},"size":2.926002264022827,"orthographic":false}