{"cameraMode":{"drawMode":0,"name":"Shaded","section":"Shading Mode"},"sceneLighting":true,"audioPlay":false,"sceneViewState":{"showFog":true,"showMaterialUpdate":true,"showSkybox":false,"showFlares":true,"showImageEffects":true,"showParticleSystems":true},"in2DMode":false,"pivot":{"x":-0.059999942779541019,"y":1.6700000762939454,"z":0.49321460723876955},"rotation":{"x":0.10798013210296631,"y":0.8136533498764038,"z":-0.160183846950531,"w":0.5483630895614624},"size":3.80370831489563,"orthographic":false}