{"cameraMode":{"drawMode":0,"name":"Shaded","section":"Shading Mode"},"sceneLighting":false,"audioPlay":false,"sceneViewState":{"showFog":true,"showMaterialUpdate":true,"showSkybox":false,"showFlares":true,"showImageEffects":true,"showParticleSystems":true},"in2DMode":false,"pivot":{"x":0.0,"y":2.048353910446167,"z":-0.008342951536178589},"rotation":{"x":0.010383885353803635,"y":0.9838935136795044,"z":-0.16777558624744416,"w":0.06087879464030266},"size":9.568262100219727,"orthographic":false}