{"cameraMode":{"drawMode":0,"name":"Shaded","section":"Shading Mode"},"sceneLighting":false,"audioPlay":false,"sceneViewState":{"showFog":true,"showMaterialUpdate":true,"showSkybox":false,"showFlares":true,"showImageEffects":true,"showParticleSystems":true},"in2DMode":false,"pivot":{"x":-0.08238649368286133,"y":2.0,"z":-1.9176111221313477},"rotation":{"x":-0.05800016224384308,"y":0.9297718405723572,"z":-0.16719263792037965,"w":-0.3229370415210724},"size":11.747572898864746,"orthographic":false}