{"cameraMode":{"drawMode":0,"name":"Shaded","section":"Shading Mode"},"sceneLighting":true,"audioPlay":false,"sceneViewState":{"showFog":true,"showMaterialUpdate":true,"showSkybox":false,"showFlares":true,"showImageEffects":true,"showParticleSystems":true},"in2DMode":false,"pivot":{"x":0.0,"y":-0.013000011444091797,"z":0.25299978256225588},"rotation":{"x":-0.2695266902446747,"y":-0.5023602247238159,"z":0.16839386522769929,"w":-0.8041996955871582},"size":40.010372161865237,"orthographic":false}